planet_id,period
24 Sex b,452.8
24 Sex c,883.0
47 UMa b,1078.0
47 UMa c,2391.0
47 UMa d,14002.0
55 Cnc b,14.6516
55 Cnc c,44.3989
55 Cnc d,5574.2
55 Cnc e,0.7365474
55 Cnc f,259.88
61 Vir b,4.215
61 Vir c,38.021
61 Vir d,123.01
7 CMa b,735.1
7 CMa c,996.0
BD+20 2457 c,621.99
BD-08 2823 b,5.6
BD-08 2823 c,237.6
BD-11 4672 b,1634.0
BD-11 4672 c,74.2
DMPP-1 b,18.57
DMPP-1 c,6.584
DMPP-1 d,2.882
DMPP-1 e,5.516
GJ 1061 b,3.204
GJ 1061 c,6.689
GJ 1061 d,13.031
GJ 1148 b,41.38
GJ 1148 c,532.58
GJ 163 b,8.63182
GJ 163 c,25.63058
GJ 163 d,603.95116
GJ 180 b,17.133
GJ 180 c,24.329
GJ 180 d,106.3
GJ 3138 b,1.22003
GJ 3138 c,5.974
GJ 3138 d,257.8
GJ 317 b,695.66
GJ 317 c,6739.323
GJ 3293 b,30.5987
GJ 3293 c,122.6196
GJ 3293 d,48.1345
GJ 3293 e,13.2543
GJ 3998 b,2.64977
GJ 3998 c,13.74
GJ 414 A b,50.8
GJ 414 A c,749.83
GJ 433 b,7.3705
GJ 433 c,5094.105
GJ 433 d,36.059
GJ 581 b,5.3686
GJ 581 c,12.914
GJ 581 e,3.149
GJ 676 A b,1056.80005
GJ 676 A c,7337.0
GJ 676 A d,3.6005
GJ 676 A e,35.39
GJ 687 b,38.142
GJ 687 c,727.562
GJ 876 b,61.1166
GJ 876 c,30.0881
GJ 876 d,1.93778
GJ 876 e,124.26
GJ 887 b,9.262
GJ 887 c,21.789
GJ 9066 b,241.883
GJ 9066 c,767.887
HD 10180 c,5.75969
HD 10180 d,16.357
HD 10180 e,49.748
HD 10180 f,122.744
HD 10180 g,604.67
HD 10180 h,2205.0
HD 102329 b,778.09998
HD 102329 c,1123.0
HD 108874 b,394.48123
HD 108874 c,1624.0
HD 109271 b,7.8543
HD 109271 c,30.93
HD 113538 b,663.2
HD 113538 c,1818.0
HD 114783 b,493.7
HD 114783 c,4319.0
HD 116029 b,670.0
HD 116029 c,907.0
HD 11964 b,1945.0
HD 11964 c,37.91
HD 125612 b,557.04
HD 125612 c,4.15514
HD 125612 d,2835.0
HD 12661 b,262.70862
HD 12661 c,1708.0
HD 128311 b,453.019
HD 128311 c,921.538
HD 134987 b,258.17999
HD 134987 c,5000.0
HD 136352 b,11.57779
HD 136352 c,27.5909
HD 136352 d,107.63
HD 13808 b,14.1815
HD 13808 c,53.753
HD 13908 b,19.382
HD 13908 c,931.0
HD 141399 b,94.44
HD 141399 c,201.99
HD 141399 d,1069.8
HD 141399 e,5000.0
HD 142 b,349.7
HD 142 c,6005.0
HD 147018 b,44.236
HD 147018 c,1008.0
HD 147873 b,116.596
HD 147873 c,491.54
HD 154857 b,408.60001
HD 154857 c,3452.0
HD 155358 b,194.3
HD 155358 c,391.9
HD 156279 b,131.05
HD 156279 c,4191.0
HD 158259 b,2.178
HD 158259 c,3.432
HD 158259 d,5.1980814
HD 158259 e,7.951
HD 158259 f,12.028
HD 159243 b,12.62
HD 159243 c,248.4
HD 160691 b,643.25
HD 160691 c,4205.8
HD 160691 d,9.6386
HD 160691 e,310.55
HD 164922 b,1207.0
HD 164922 c,75.74
HD 164922 d,12.458
HD 168443 b,58.11247
HD 176986 b,6.4898
HD 176986 c,16.8191
HD 177830 b,410.10001
HD 177830 c,110.9
HD 181433 b,9.3743
HD 181433 c,962.0
HD 181433 d,2172.0
HD 183263 b,626.51599
HD 183263 c,3070.0
HD 187123 b,3.0965828
HD 187123 c,3810.0
HD 190360 b,2915.03687
HD 190360 c,17.111
HD 202696 b,517.8
HD 202696 c,946.6
HD 204313 b,1920.09998
HD 204313 c,34.905
HD 20781 b,5.3135
HD 20781 c,13.8905
HD 20781 d,29.158
HD 20781 e,85.5073
HD 20794 b,18.315
HD 20794 c,40.114
HD 20794 d,90.309
HD 20794 e,147.02
HD 215152 b,5.75999
HD 215152 c,7.28243
HD 215152 d,10.86499
HD 215152 e,25.1967
HD 215497 b,3.93404
HD 215497 c,567.94
HD 216520 b,35.45
HD 216520 c,154.43
HD 217107 b,7.12682
HD 217107 c,4270.0
HD 219134 b,3.092926
HD 219134 c,6.76458
HD 219134 d,46.859
HD 219134 g,94.2
HD 219134 h,2247.0
HD 27894 b,18.02
HD 27894 c,36.07
HD 27894 d,5174.0
HD 30177 b,2527.83
HD 30177 c,11613.0
HD 31527 b,16.5535
HD 31527 c,51.2053
HD 31527 d,271.6737
HD 33142 b,326.0
HD 33142 c,834.0
HD 33844 b,551.40002
HD 33844 c,916.0
HD 34445 b,1049.0
HD 34445 c,214.67
HD 34445 d,117.87
HD 34445 e,49.175
HD 34445 f,676.8
HD 34445 g,5700.0
HD 37124 b,154.378
HD 37124 c,885.5
HD 37124 d,1862.0
HD 40307 b,4.3123
HD 40307 c,9.6184
HD 40307 d,20.432
HD 40307 f,51.76
HD 4203 b,431.88
HD 4203 c,6700.0
HD 45364 b,226.93
HD 45364 c,342.85
HD 47186 b,4.0845
HD 47186 c,1353.6
HD 4732 b,360.2
HD 4732 c,2732.0
HD 47366 b,359.15
HD 47366 c,682.85
HD 50499 b,2447.1
HD 50499 c,8619.9
HD 60532 b,201.9
HD 60532 c,600.1
HD 67087 b,352.2
HD 67087 c,2374.0
HD 69830 b,8.667
HD 69830 c,31.56
HD 69830 d,197.0
HD 73526 b,188.3
HD 73526 c,379.1
HD 74156 b,51.645
HD 74156 c,2473.0
HD 7924 b,5.39792
HD 7924 c,15.299
HD 7924 d,24.451
HD 82943 b,441.47
HD 82943 c,220.078
HD 92788 b,325.803
HD 92788 c,11611.2975
HD 99706 b,841.0
HD 99706 c,1278.0
HIP 14810 b,6.673892
HIP 14810 c,147.747
HIP 14810 d,981.8
HIP 38594 b,60.722
HIP 38594 c,3477.768
HIP 5158 b,345.72
HIP 54373 b,7.76
HIP 54373 c,15.144
HIP 57274 b,8.1352
HIP 57274 c,32.03
HIP 57274 d,431.7
HIP 65407 b,28.125
HIP 65407 c,67.3
HIP 67851 b,88.9
HIP 67851 c,2131.8
Pr0211 b,2.1461
Pr0211 c,4850.0
TYC 1422-614-1 b,198.4
TYC 1422-614-1 c,559.3
Teegarden's Star b,4.91
Teegarden's Star c,11.409
Wolf 1061 b,4.8869
Wolf 1061 c,17.8719
Wolf 1061 d,217.21
XO-2 S b,18.157
XO-2 S c,120.8
YZ Cet b,1.96876
YZ Cet c,3.06008
YZ Cet d,4.65627
gam Lib b,415.2
gam Lib c,964.6
tau Cet e,162.87
tau Cet f,636.13
tau Cet g,20.0
tau Cet h,49.41
ups And b,4.617033
ups And c,241.258
ups And d,1276.46
CoRoT-24 b,5.1134
CoRoT-24 c,11.759
EPIC 212737443 b,13.603
EPIC 212737443 c,65.55
EPIC 220674823 b,0.571331
EPIC 220674823 c,13.339079
EPIC 249893012 b,3.5951
EPIC 249893012 c,15.624
EPIC 249893012 d,35.747
GJ 143 b,35.61253
HD 21749 c,7.78993
GJ 9827 b,1.2089819
GJ 9827 c,3.6480957
GJ 9827 d,6.2014698
HD 106315 b,9.55237
HD 106315 c,21.05704
HD 108236 b,3.795963
HD 108236 c,6.203449
HD 108236 d,14.175685
HD 108236 e,19.590025
HD 108236 f,29.54115
HD 15337 b,4.75615
HD 15337 c,17.1784
HD 191939 b,8.880403
HD 191939 c,28.58059
HD 191939 d,38.3561
HD 23472 b,17.667
HD 23472 c,29.625
HD 3167 b,0.959624
HD 3167 c,29.83832
HD 63433 b,7.10793
HD 63433 c,20.5453
HIP 41378 b,15.572098
HIP 41378 c,31.70648
HIP 41378 d,1114.0
HIP 41378 e,131.0
HIP 41378 f,1084.0
HR 858 b,3.58599
HR 858 c,5.97293
HR 858 d,11.23
K2-117 b,1.2916
K2-117 c,5.444017
K2-133 b,3.07133
K2-133 c,4.86784
K2-133 d,11.02454
K2-133 e,26.5841
K2-136 b,7.975292
K2-136 c,17.307137
K2-136 d,25.575065
K2-138 b,2.35309
K2-138 c,3.56004
K2-138 d,5.40479
K2-138 e,8.26146
K2-138 f,12.75758
K2-138 g,41.96797
K2-141 b,0.2803244
K2-141 c,7.7485
K2-146 b,2.6446
K2-146 c,4.00498
K2-148 b,4.38395
K2-148 c,6.9226
K2-148 d,9.7579
K2-154 b,3.67626
K2-154 c,7.95486
K2-155 b,6.342
K2-155 c,13.85
K2-155 d,40.718
K2-158 b,10.06049
K2-158 c,5.90279
EPIC 201754305 d,2.71578
K2-16 b,7.6188
K2-16 c,19.07863
K2-165 b,2.354992
K2-165 c,4.382745
K2-165 d,14.101361
EPIC 201615463 c,3.80464
K2-166 b,8.52695
EPIC 205950854 c,8.050722
K2-168 b,15.8523
K2-170 b,7.576544
K2-170 c,12.400047
K2-172 b,14.316941
K2-172 c,29.62682
K2-183 b,0.469269
K2-183 c,10.792635
K2-183 d,22.631964
K2-187 b,0.77392
K2-187 c,2.872042
K2-187 d,7.14921
K2-187 e,13.609878
K2-188 b,1.742169
K2-188 c,7.810253
K2-189 b,2.588309
K2-189 c,6.679195
K2-19 b,7.9194
K2-19 c,11.90715
K2-19 d,2.50856
K2-190 b,10.098858
K2-190 c,21.574023
K2-195 b,15.852975
K2-195 c,28.482786
K2-198 b,17.0428683
K2-198 c,3.3596055
K2-198 d,7.4500177
K2-199 b,3.225338
K2-199 c,7.374694
K2-201 b,1.05979
K2-201 c,22.779878
K2-21 b,9.325038
K2-21 c,15.50192
K2-219 b,3.901287
K2-219 c,6.66767
K2-219 d,11.137278
K2-223 b,0.50565
K2-223 c,4.56327
K2-224 b,4.47904
K2-224 c,10.09489
K2-229 b,0.58426
K2-229 c,8.32727
K2-233 b,2.4675
K2-233 c,7.06005
K2-233 d,24.3645
K2-239 b,5.24
K2-239 c,7.775
K2-239 d,10.115
K2-24 b,20.88977
K2-24 c,42.3391
K2-240 b,6.034
K2-240 c,20.523
K2-243 b,11.54182
K2-243 c,24.94598
K2-247 b,2.25021
K2-247 c,6.49424
K2-254 b,4.09639
K2-254 c,12.11839
K2-264 b,5.840002
K2-264 c,19.660302
K2-266 b,0.658524
K2-266 c,7.814
K2-266 d,14.697
K2-266 e,19.482
K2-268 b,2.151894
K2-268 c,9.326841
K2-270 b,1.543069
K2-270 c,4.400028
K2-275 b,3.280961
K2-275 c,8.438756
EPIC 220554210 c,0.70531
K2-282 b,4.169836
K2-285 b,3.471745
K2-285 c,7.138048
K2-285 d,10.45582
K2-285 e,14.76289
K2-290 b,9.21165
K2-3 b,10.054626
K2-3 c,24.646582
K2-3 d,44.55646
K2-316 b,1.133
K2-316 c,5.26
K2-32 b,8.992
K2-32 c,20.66093
K2-32 d,31.71701
K2-32 e,4.34934
K2-35 b,2.399964
K2-35 c,5.608352
K2-36 b,1.422614
K2-36 c,5.340888
K2-37 b,4.44117
K2-37 c,6.42904
K2-37 d,14.09189
K2-38 b,4.01593
K2-38 c,10.56103
K2-43 b,3.471149
K2-43 c,2.198884
K2-5 b,5.73594
K2-5 c,10.93241
EPIC 201833600 c,3.96151
K2-50 b,8.7529
K2-58 b,7.05254
K2-58 c,2.53726
K2-58 d,22.8827
K2-59 b,20.6921
K2-59 c,11.2954
K2-62 b,6.67202
K2-62 c,16.1966
K2-63 b,20.257
K2-63 c,25.4556
K2-72 b,5.577212
K2-72 c,15.189034
K2-72 d,7.760178
K2-72 e,24.158868
K2-75 b,7.8142
K2-75 c,18.311
K2-8 b,10.35239
K2-8 c,5.06416
K2-80 b,19.0918
K2-80 c,5.605
K2-80 d,28.867253
K2-83 b,2.74697
K2-83 c,9.99767
K2-84 b,6.4215
K2-84 c,27.86
K2-90 b,13.733314
K2-90 c,2.900706
KIC 5437945 b,440.7813
Kepler-460 c,220.1303357
KIC 9663113 b,572.3847
Kepler-458 c,20.74028413
KOI-1783.01,134.4628
KOI-1783.02,284.215
KOI-351 b,7.008151
KOI-351 c,8.719375
KOI-351 d,59.73667
KOI-351 e,91.93913
KOI-351 f,124.9144
KOI-351 g,210.60697
Kepler-90 i,14.44912
KIC 8540376 b,31.8099
KIC 8540376 c,75.2
KOI-94 b,3.743208
KOI-94 c,10.423648
KOI-94 e,54.32031
Kepler-10 b,0.837491
Kepler-10 c,45.2946
Kepler-100 b,6.88705
Kepler-100 c,12.8159
Kepler-100 d,35.3331
Kepler-1001 b,14.30511983
Kepler-1001 c,9.18186
Kepler-101 b,3.4876812
Kepler-101 c,6.02976
Kepler-1016 b,1.95452434
Kepler-1016 c,105.6551369
Kepler-102 b,5.28696
Kepler-102 c,7.07142
Kepler-102 d,10.3117
Kepler-102 e,16.1457
Kepler-102 f,27.4536
Kepler-103 b,15.9654
Kepler-103 c,179.612
Kepler-104 b,11.427548
Kepler-104 c,23.668205
Kepler-104 d,51.755394
Kepler-1047 b,56.1886887
Kepler-1047 c,3.18897601
Kepler-105 b,5.4122
Kepler-105 c,7.1262
Kepler-1050 b,15.3787546
Kepler-1050 c,21.1284569
Kepler-106 b,6.16486
Kepler-106 c,13.5708
Kepler-106 d,23.9802
Kepler-106 e,43.8445
Kepler-1065 b,3.60930891
Kepler-1065 c,2.37030743
Kepler-107 b,3.1800218
Kepler-107 c,4.901452
Kepler-107 d,7.95839
Kepler-107 e,14.749143
Kepler-1073 b,8.67888593
Kepler-1073 c,4.02582254
Kepler-108 b,49.183921
Kepler-108 c,190.323494
Kepler-1085 b,219.3217528
Kepler-1085 c,56.7771
Kepler-1086 b,18.78425728
Kepler-1086 c,161.5163345
Kepler-109 b,6.48163
Kepler-109 c,21.2227
Kepler-1093 b,25.0824626
Kepler-1093 c,89.722292
Kepler-11 b,10.3039
Kepler-11 c,13.0241
Kepler-11 d,22.6845
Kepler-11 e,31.9996
Kepler-11 f,46.6888
Kepler-11 g,118.3807
Kepler-110 b,12.691112
Kepler-110 c,31.719775
Kepler-111 b,3.341815
Kepler-111 c,224.784608
Kepler-112 b,8.408878
Kepler-112 c,28.574263
Kepler-1129 b,24.3397804
Kepler-1129 c,76.5369586
Kepler-113 b,4.754
Kepler-113 c,8.92507
Kepler-114 b,5.188549
Kepler-114 c,8.041
Kepler-114 d,11.776
Kepler-1143 b,2.88890485
Kepler-1143 c,210.630591
Kepler-115 b,2.403679
Kepler-115 c,8.990889
Kepler-1154 b,5.1856142
Kepler-1154 c,8.45808312
Kepler-116 b,5.968734
Kepler-116 c,13.07163
Kepler-117 b,18.7959228
Kepler-118 b,7.518496
Kepler-118 c,20.17202
Kepler-119 b,2.422082
Kepler-119 c,4.125103
Kepler-120 b,6.312501
Kepler-120 c,12.794585
Kepler-121 b,3.177422
Kepler-121 c,41.008011
Kepler-123 b,17.232366
Kepler-123 c,26.695074
Kepler-124 b,3.410493
Kepler-124 c,13.821375
Kepler-124 d,30.950851
Kepler-1245 b,4.35409304
Kepler-1245 c,2.93658468
Kepler-125 b,4.164389
Kepler-125 c,5.774464
Kepler-1254 b,9.99113313
Kepler-1254 c,3.60084276
Kepler-1254 d,5.72717226
Kepler-126 b,10.495711
Kepler-126 c,21.869741
Kepler-126 d,100.283134
Kepler-127 b,14.435889
Kepler-127 c,29.393195
Kepler-127 d,48.630408
Kepler-128 b,15.09
Kepler-128 c,22.804
Kepler-129 b,15.79186
Kepler-129 c,82.20017
Kepler-130 b,8.457458
Kepler-130 c,27.50868
Kepler-130 d,87.517905
Kepler-131 b,16.092
Kepler-131 c,25.5169
Kepler-1311 b,11.1726994
Kepler-1311 c,2.53573424
Kepler-132 b,6.178196
Kepler-132 c,6.414914
Kepler-132 d,18.010199
Kepler-132 e,110.2869374
Kepler-1321 b,11.12830484
Kepler-1321 c,2.22649109
Kepler-133 b,8.129976
Kepler-133 c,31.517586
Kepler-1336 b,23.198681
Kepler-1336 c,5.77721211
Kepler-134 b,5.317429
Kepler-134 c,10.105785
Kepler-135 b,6.00253
Kepler-135 c,11.448708
Kepler-1350 b,4.4968604
Kepler-1350 c,1.76678906
Kepler-136 b,11.5789
Kepler-136 c,16.399235
Kepler-1365 b,7.69993485
Kepler-1365 c,4.77468005
Kepler-137 b,8.436387
Kepler-137 c,18.735753
Kepler-1370 b,20.2641684
Kepler-1370 c,7.44142113
Kepler-1371 b,3.4462039
Kepler-1371 c,2.00541269
Kepler-138 b,10.3126
Kepler-138 c,13.7813
Kepler-138 d,23.0881
Kepler-1388 b,12.2854603
Kepler-1388 c,5.53608151
Kepler-1388 d,20.9568158
Kepler-1388 e,37.6327084
Kepler-139 b,15.771044
Kepler-139 c,157.072878
Kepler-1398 b,2.78815679
Kepler-1398 c,4.13827595
Kepler-140 b,3.25427
Kepler-140 c,91.353282
Kepler-141 b,3.107675
Kepler-141 c,7.010606
Kepler-142 b,2.024152
Kepler-142 c,4.761702
Kepler-142 d,41.809118
Kepler-143 b,16.007583
Kepler-143 c,27.082511
Kepler-144 b,5.885273
Kepler-144 c,10.104665
Kepler-145 b,22.951
Kepler-145 c,42.882
Kepler-146 b,31.158799
Kepler-146 c,76.732171
Kepler-1464 b,31.7785901
Kepler-1464 c,5.32786292
Kepler-1468 b,8.23984869
Kepler-1468 c,3.54553021
Kepler-147 b,12.610584
Kepler-147 c,33.416423
Kepler-148 b,1.729366
Kepler-148 c,4.180043
Kepler-148 d,51.84688575
Kepler-149 b,29.198943
Kepler-149 c,55.328328
Kepler-149 d,160.018032
Kepler-150 b,3.428054
Kepler-150 c,7.381998
Kepler-150 d,12.56093
Kepler-150 e,30.826557
Kepler-150 f,637.2093
Kepler-151 b,15.228958
Kepler-151 c,24.674612
Kepler-1514 c,10.514181
Kepler-152 b,18.207973
Kepler-152 c,88.255055
Kepler-153 b,18.870227
Kepler-153 c,46.90232
Kepler-1530 b,2.5904434
Kepler-1530 c,5.3227406
Kepler-154 b,33.040532
Kepler-154 c,62.303276
Kepler-154 d,20.54981883
Kepler-154 e,3.93276465
Kepler-154 f,9.91935684
Kepler-1542 b,3.95116882
Kepler-1542 c,2.89223021
Kepler-1542 d,5.99273738
Kepler-1542 e,5.10115756
Kepler-155 b,5.931194
Kepler-155 c,52.661793
Kepler-156 b,4.973456
Kepler-156 c,15.906801
Kepler-157 b,1.732342
Kepler-157 c,13.5405
Kepler-157 d,7.02573474
Kepler-158 b,16.709184
Kepler-158 c,28.551383
Kepler-159 b,10.139623
Kepler-159 c,43.595792
Kepler-161 b,4.921355
Kepler-161 c,7.06424
Kepler-162 b,6.919798
Kepler-162 c,19.446355
Kepler-163 b,7.810937
Kepler-163 c,21.347262
Kepler-164 b,5.03503
Kepler-164 c,10.945723
Kepler-164 d,28.986769
Kepler-1641 b,19.672266
Kepler-1641 c,32.657212
Kepler-1642 b,12.2057513
Kepler-1642 c,6.6513802
Kepler-1649 b,8.689099
Kepler-1649 c,19.53527
Kepler-165 b,8.180848
Kepler-165 c,15.31299
Kepler-166 b,7.650254
Kepler-166 c,34.260281
Kepler-166 d,1.55400393
Kepler-167 b,4.3931632
Kepler-167 c,7.406114
Kepler-167 d,21.803855
Kepler-167 e,1071.23228
Kepler-168 b,4.425391
Kepler-168 c,13.193242
Kepler-169 b,3.250619
Kepler-169 c,6.195469
Kepler-169 d,8.348125
Kepler-169 e,13.767102
Kepler-169 f,87.090195
Kepler-170 b,7.930592
Kepler-170 c,16.665863
Kepler-171 b,4.166972
Kepler-171 c,11.463462
Kepler-171 d,39.595519
Kepler-172 b,2.940309
Kepler-172 c,6.388996
Kepler-172 d,14.627119
Kepler-172 e,35.118736
Kepler-173 b,4.263742
Kepler-173 c,8.005777
Kepler-174 b,13.98179
Kepler-174 c,44.000529
Kepler-174 d,247.35373
Kepler-175 b,11.903515
Kepler-175 c,34.035257
Kepler-176 b,5.433074
Kepler-176 c,12.759712
Kepler-176 d,25.751974
Kepler-176 e,51.16579
Kepler-177 b,35.8601
Kepler-177 c,49.40926
Kepler-178 b,9.576694
Kepler-178 c,20.552802
Kepler-178 d,96.678988
Kepler-179 b,2.735926
Kepler-179 c,6.40013
Kepler-18 b,3.504725
Kepler-18 c,7.64159
Kepler-18 d,14.85888
Kepler-180 b,13.817124
Kepler-180 c,41.885775
Kepler-181 b,3.137873
Kepler-181 c,4.302149
Kepler-182 b,9.825792
Kepler-182 c,20.684342
Kepler-183 b,5.687945
Kepler-183 c,11.637071
Kepler-184 b,10.687576
Kepler-184 c,20.303005
Kepler-184 d,29.022358
Kepler-185 b,1.6329
Kepler-185 c,20.729042
Kepler-186 b,3.8867907
Kepler-186 c,7.267302
Kepler-186 d,13.342996
Kepler-186 e,22.407704
Kepler-187 b,4.938864
Kepler-187 c,10.640263
Kepler-188 b,2.061897
Kepler-188 c,5.996553
Kepler-189 b,10.399931
Kepler-189 c,20.134866
Kepler-190 b,2.019999
Kepler-190 c,3.763024
Kepler-191 b,9.939632
Kepler-191 c,17.738506
Kepler-191 d,5.94504102
Kepler-192 b,9.926746
Kepler-192 c,21.2234
Kepler-192 d,6.47027579
Kepler-193 b,11.38848
Kepler-193 c,50.697494
Kepler-194 b,2.092281
Kepler-194 c,17.308032
Kepler-194 d,52.814973
Kepler-195 b,8.307872
Kepler-195 c,34.096863
Kepler-196 b,20.739886
Kepler-196 c,47.427737
Kepler-197 b,5.599308
Kepler-197 c,10.349695
Kepler-197 d,15.677563
Kepler-197 e,25.209715
Kepler-198 b,17.790037
Kepler-198 c,49.567416
Kepler-198 d,1.31184443
Kepler-199 b,23.637604
Kepler-199 c,67.093408
Kepler-200 b,8.594805
Kepler-200 c,10.222157
Kepler-201 b,25.672083
Kepler-201 c,151.884058
Kepler-202 b,4.069427
Kepler-202 c,16.282493
Kepler-203 b,3.162697
Kepler-203 c,5.370647
Kepler-203 d,11.32972
Kepler-204 b,14.400974
Kepler-204 c,25.660593
Kepler-205 b,2.75564
Kepler-205 c,20.306546
Kepler-206 b,7.781987
Kepler-206 c,13.137471
Kepler-206 d,23.44281
Kepler-207 b,1.611865
Kepler-207 c,3.071571
Kepler-207 d,5.868075
Kepler-208 b,4.22864
Kepler-208 c,7.466623
Kepler-208 d,11.131786
Kepler-208 e,16.259458
Kepler-209 b,16.087845
Kepler-209 c,41.749882
Kepler-210 b,2.453234
Kepler-210 c,7.972513
Kepler-211 b,4.138575
Kepler-211 c,6.04045
Kepler-212 b,16.257582
Kepler-212 c,31.805174
Kepler-213 b,2.46236
Kepler-213 c,4.822962
Kepler-214 b,15.660544
Kepler-214 c,28.7798
Kepler-215 b,9.360672
Kepler-215 c,14.667108
Kepler-215 d,30.864423
Kepler-215 e,68.16101
Kepler-216 b,7.693641
Kepler-216 c,17.406669
Kepler-217 b,5.374943
Kepler-217 c,8.586004
Kepler-217 d,3.88689525
Kepler-218 b,3.619337
Kepler-218 c,44.699576
Kepler-218 d,124.5244647
Kepler-219 b,4.585512
Kepler-219 c,22.714613
Kepler-219 d,47.903645
Kepler-220 b,4.159807
Kepler-220 c,9.034199
Kepler-220 d,28.122397
Kepler-220 e,45.902733
Kepler-221 b,2.795906
Kepler-221 c,5.690586
Kepler-221 d,10.04156
Kepler-221 e,18.369917
Kepler-222 b,3.936981
Kepler-222 c,10.08881
Kepler-222 d,28.081912
Kepler-223 b,7.38449
Kepler-223 c,9.84564
Kepler-223 d,14.78869
Kepler-223 e,19.72567
Kepler-224 b,3.132924
Kepler-224 c,5.925003
Kepler-224 d,11.349393
Kepler-224 e,18.643577
Kepler-225 b,6.738975
Kepler-225 c,18.794234
Kepler-226 b,3.940997
Kepler-226 c,5.349555
Kepler-226 d,8.109044
Kepler-227 b,9.488015
Kepler-227 c,54.418694
Kepler-228 b,2.566546
Kepler-228 c,4.134444
Kepler-228 d,11.094286
Kepler-229 b,6.252972
Kepler-229 c,16.068638
Kepler-229 d,41.194912
Kepler-23 b,7.1073
Kepler-23 c,10.7421
Kepler-23 d,15.274299
Kepler-230 b,32.625555
Kepler-230 c,91.773242
Kepler-231 b,10.065275
Kepler-231 c,19.271566
Kepler-232 b,4.431222
Kepler-232 c,11.379349
Kepler-233 b,8.472382
Kepler-233 c,60.418955
Kepler-234 b,2.711506
Kepler-234 c,7.21205
Kepler-235 b,3.340222
Kepler-235 c,7.824904
Kepler-235 d,20.060548
Kepler-235 e,46.183669
Kepler-236 b,8.295611
Kepler-236 c,23.968127
Kepler-237 b,4.715106
Kepler-237 c,8.103636
Kepler-238 b,2.090876
Kepler-238 c,6.155557
Kepler-238 d,13.233549
Kepler-238 e,23.654
Kepler-238 f,50.447
Kepler-239 b,11.763051
Kepler-239 c,56.228098
Kepler-24 b,8.1453
Kepler-24 c,12.3335
Kepler-24 d,4.244384
Kepler-24 e,18.998355
Kepler-240 b,4.144495
Kepler-240 c,7.953528
Kepler-241 b,12.718092
Kepler-241 c,36.065978
Kepler-242 b,8.20395
Kepler-242 c,14.496481
Kepler-243 b,5.715442
Kepler-243 c,20.026218
Kepler-244 b,4.311792
Kepler-244 c,9.767292
Kepler-244 d,20.050401
Kepler-245 b,7.49019
Kepler-245 c,17.460812
Kepler-245 d,36.277108
Kepler-245 e,3.21982106
Kepler-246 b,4.60182
Kepler-246 c,11.187161
Kepler-247 b,3.33616
Kepler-247 c,9.439452
Kepler-247 d,20.477912
Kepler-248 b,6.308205
Kepler-248 c,16.239494
Kepler-249 b,3.306539
Kepler-249 c,7.113702
Kepler-249 d,15.368459
Kepler-250 b,4.148141
Kepler-250 c,7.156804
Kepler-250 d,17.648312
Kepler-251 b,4.790936
Kepler-251 c,16.514043
Kepler-251 d,30.133001
Kepler-251 e,99.640161
Kepler-252 b,6.668391
Kepler-252 c,10.848463
Kepler-253 b,3.783986
Kepler-253 c,10.281951
Kepler-253 d,18.119869
Kepler-254 b,5.826662
Kepler-254 c,12.412183
Kepler-254 d,18.746477
Kepler-255 b,5.714606
Kepler-255 c,9.946047
Kepler-255 d,1.04562266
Kepler-256 b,1.620493
Kepler-256 c,3.38802
Kepler-256 d,5.839172
Kepler-256 e,10.681572
Kepler-257 b,2.382667
Kepler-257 c,6.581484
Kepler-257 d,24.664551
Kepler-258 b,13.19722
Kepler-258 c,33.653079
Kepler-259 b,8.115317
Kepler-259 c,36.924931
Kepler-26 b,12.28
Kepler-26 c,17.2559
Kepler-26 d,3.543919
Kepler-26 e,46.827915
Kepler-260 b,8.187399
Kepler-260 c,76.050178
Kepler-261 b,10.381227
Kepler-261 c,24.570858
Kepler-262 b,13.060855
Kepler-262 c,21.853722
Kepler-263 b,16.568087
Kepler-263 c,47.332773
Kepler-264 b,40.806231
Kepler-264 c,140.101261
Kepler-265 b,6.846262
Kepler-265 c,17.028937
Kepler-265 d,43.130617
Kepler-265 e,67.831024
Kepler-266 b,6.61833
Kepler-266 c,107.723601
Kepler-267 b,3.353728
Kepler-267 c,6.87745
Kepler-267 d,28.464515
Kepler-268 b,25.934138
Kepler-268 c,83.446393
Kepler-269 b,5.326718
Kepler-269 c,8.127899
Kepler-27 b,15.3348
Kepler-27 c,31.3309
Kepler-270 b,11.476094
Kepler-270 c,25.262887
Kepler-271 b,10.43547805
Kepler-271 c,7.41086267
Kepler-271 d,5.24972541
Kepler-272 b,2.971353
Kepler-272 c,6.057342
Kepler-272 d,10.937304
Kepler-273 b,2.936532
Kepler-273 c,8.014927
Kepler-274 b,11.634788
Kepler-274 c,33.197861
Kepler-275 b,10.300682
Kepler-275 c,16.088134
Kepler-275 d,35.676062
Kepler-276 b,14.12841
Kepler-276 c,31.884
Kepler-276 d,48.648
Kepler-277 b,17.324
Kepler-277 c,33.006
Kepler-278 b,30.160546
Kepler-278 c,51.078775
Kepler-279 b,12.309681
Kepler-279 c,35.736
Kepler-279 d,54.414
Kepler-280 b,2.139542
Kepler-280 c,4.807091
Kepler-281 b,14.646008
Kepler-281 c,36.337373
Kepler-282 b,9.220524
Kepler-282 c,13.638723
Kepler-282 d,24.806
Kepler-282 e,44.347
Kepler-283 b,11.008151
Kepler-283 c,92.743711
Kepler-284 b,12.699149
Kepler-284 c,37.514456
Kepler-285 b,2.633867
Kepler-285 c,6.186676
Kepler-286 b,1.796302
Kepler-286 c,3.468095
Kepler-286 d,5.914323
Kepler-286 e,29.221289
Kepler-287 b,20.342199
Kepler-287 c,44.851896
Kepler-288 b,6.097326
Kepler-288 c,19.305772
Kepler-288 d,56.633742
Kepler-289 b,34.545
Kepler-289 d,66.0634
Kepler-29 b,10.33974
Kepler-29 c,13.28613
Kepler-290 b,14.589347
Kepler-290 c,36.77031
Kepler-291 b,3.546511
Kepler-291 c,5.700786
Kepler-292 b,2.580827
Kepler-292 c,3.715335
Kepler-292 d,7.055679
Kepler-292 e,11.97901
Kepler-292 f,20.834237
Kepler-293 b,19.254196
Kepler-293 c,54.155743
Kepler-294 b,3.701212
Kepler-294 c,6.6264
Kepler-295 b,12.645164
Kepler-295 c,21.526258
Kepler-295 d,33.884054
Kepler-296 b,10.864384
Kepler-296 c,5.8416366
Kepler-296 d,19.850291
Kepler-296 e,34.14211
Kepler-296 f,63.33627
Kepler-297 b,38.871826
Kepler-297 c,74.920137
Kepler-298 b,10.475464
Kepler-298 c,22.92881
Kepler-298 d,77.473633
Kepler-299 b,2.927128
Kepler-299 c,6.885875
Kepler-299 d,15.054786
Kepler-299 e,38.285489
Kepler-30 b,29.33434
Kepler-30 d,143.34394
Kepler-300 b,10.446347
Kepler-300 c,40.714955
Kepler-301 b,2.508553
Kepler-301 c,5.419026
Kepler-301 d,13.751243
Kepler-302 b,30.184104
Kepler-303 b,1.937055
Kepler-303 c,7.061149
Kepler-304 b,3.295709
Kepler-304 c,5.315946
Kepler-304 d,9.653471
Kepler-304 e,1.49914695
Kepler-305 b,5.487
Kepler-305 c,8.291
Kepler-305 d,16.738661
Kepler-305 e,3.20538
Kepler-306 b,4.646186
Kepler-306 c,7.240193
Kepler-306 d,17.326644
Kepler-306 e,44.840975
Kepler-307 b,10.4208
Kepler-307 c,13.0729
Kepler-308 b,9.694928
Kepler-308 c,15.38231
Kepler-309 b,5.923653
Kepler-309 c,105.356383
Kepler-31 b,20.8613
Kepler-31 c,42.6318
Kepler-31 d,87.6451
Kepler-310 b,13.930698
Kepler-310 c,56.47542
Kepler-310 d,92.876125
Kepler-311 b,9.176092
Kepler-311 c,19.738286
Kepler-312 b,1.772419
Kepler-312 c,19.747412
Kepler-313 b,14.970418
Kepler-313 c,32.273273
Kepler-314 b,2.461069
Kepler-314 c,5.960392
Kepler-315 b,96.101141
Kepler-315 c,265.469335
Kepler-316 b,2.240508
Kepler-316 c,6.827766
Kepler-317 b,5.524242
Kepler-317 c,8.77501
Kepler-318 b,4.662715
Kepler-318 c,11.815007
Kepler-319 b,4.362705
Kepler-319 c,6.941357
Kepler-319 d,31.781925
Kepler-32 b,5.90124
Kepler-32 c,8.7522
Kepler-32 d,22.7802
Kepler-32 e,2.896
Kepler-32 f,0.74296
Kepler-320 b,8.371554
Kepler-320 c,17.934937
Kepler-321 b,4.915379
Kepler-321 c,13.093921
Kepler-322 b,1.653888
Kepler-322 c,4.337234
Kepler-323 b,1.678327
Kepler-323 c,3.553822
Kepler-324 b,4.385315
Kepler-324 c,51.805612
Kepler-325 b,4.544439
Kepler-325 c,12.762172
Kepler-325 d,38.715185
Kepler-326 b,2.248329
Kepler-326 c,4.580358
Kepler-326 d,6.766888
Kepler-327 b,2.549575
Kepler-327 c,5.212333
Kepler-327 d,13.969457
Kepler-328 b,34.921
Kepler-328 c,71.312
Kepler-329 b,7.416397
Kepler-329 c,18.684737
Kepler-33 b,5.66793
Kepler-33 c,13.17562
Kepler-33 d,21.77596
Kepler-33 e,31.7844
Kepler-33 f,41.02902
Kepler-330 b,8.25978
Kepler-330 c,15.955387
Kepler-331 b,8.457496
Kepler-331 c,17.28111
Kepler-331 d,32.134328
Kepler-332 b,7.626324
Kepler-332 c,15.995622
Kepler-332 d,34.21154
Kepler-333 b,12.551158
Kepler-333 c,24.08821
Kepler-334 b,5.470319
Kepler-334 c,12.758005
Kepler-334 d,25.09849
Kepler-335 b,6.562331
Kepler-335 c,67.844469
Kepler-336 b,2.024823
Kepler-336 c,9.600001
Kepler-336 d,20.678772
Kepler-337 b,3.292781
Kepler-337 c,9.693201
Kepler-339 b,4.977656
Kepler-339 c,6.988055
Kepler-339 d,10.558345
Kepler-340 b,14.844387
Kepler-340 c,22.824669
Kepler-341 b,5.195528
Kepler-341 c,8.01041
Kepler-341 d,27.666313
Kepler-341 e,42.473269
Kepler-342 b,15.170318
Kepler-342 c,26.234138
Kepler-342 d,39.459357
Kepler-342 e,1.64422461
Kepler-343 b,8.96855
Kepler-343 c,23.22182
Kepler-344 b,21.963945
Kepler-344 c,125.596809
Kepler-345 b,7.415563
Kepler-345 c,9.387427
Kepler-346 b,6.511127
Kepler-346 c,23.851549
Kepler-347 b,12.79836
Kepler-347 c,27.320871
Kepler-348 b,7.05677
Kepler-348 c,17.265427
Kepler-349 b,5.929778
Kepler-349 c,12.247629
Kepler-350 b,11.189562
Kepler-350 c,17.849
Kepler-350 d,26.136
Kepler-351 b,37.054919
Kepler-351 c,57.24809
Kepler-351 d,142.544247
Kepler-352 b,10.05537
Kepler-352 c,16.332995
Kepler-353 b,5.795278
Kepler-353 c,8.410894
Kepler-354 b,5.47666
Kepler-354 c,16.934402
Kepler-354 d,24.209842
Kepler-355 b,11.03189
Kepler-355 c,25.762294
Kepler-356 b,4.612696
Kepler-356 c,13.121632
Kepler-357 b,6.475434
Kepler-357 c,16.85837
Kepler-357 d,49.499875
Kepler-358 b,34.060467
Kepler-358 c,83.488369
Kepler-359 b,25.563222
Kepler-359 c,57.68802
Kepler-359 d,77.095691
Kepler-36 b,13.86825
Kepler-36 c,16.21865
Kepler-360 b,3.289672
Kepler-360 c,7.186434
Kepler-361 b,8.486616
Kepler-361 c,55.188023
Kepler-362 b,10.327186
Kepler-362 c,37.866281
Kepler-363 b,3.614568
Kepler-363 c,7.542427
Kepler-363 d,11.932125
Kepler-364 b,25.745718
Kepler-364 c,59.980627
Kepler-365 b,10.664903
Kepler-365 c,17.784129
Kepler-366 b,3.281959
Kepler-366 c,12.51616
Kepler-367 b,37.815724
Kepler-367 c,53.578637
Kepler-368 b,26.84768
Kepler-368 c,72.379334
Kepler-369 b,2.732756
Kepler-369 c,14.871572
Kepler-370 b,4.57953
Kepler-370 c,19.02293
Kepler-371 b,34.763278
Kepler-371 c,67.968015
Kepler-372 b,6.849692
Kepler-372 c,20.053763
Kepler-372 d,30.092568
Kepler-373 b,5.535309
Kepler-373 c,16.725948
Kepler-374 b,1.897806
Kepler-374 c,3.282807
Kepler-374 d,5.028219
Kepler-375 b,12.125934
Kepler-375 c,19.986326
Kepler-376 b,4.920199
Kepler-376 c,14.172327
Kepler-377 b,12.509529
Kepler-377 c,27.014976
Kepler-378 b,16.092361
Kepler-378 c,28.906009
Kepler-379 b,20.09838
Kepler-379 c,62.784697
Kepler-380 b,3.930821
Kepler-380 c,7.630004
Kepler-381 b,5.629021
Kepler-381 c,13.391635
Kepler-382 b,5.262155
Kepler-382 c,12.162701
Kepler-383 b,12.904532
Kepler-383 c,31.200751
Kepler-384 b,22.597053
Kepler-384 c,45.348269
Kepler-385 b,10.043686
Kepler-385 c,15.163161
Kepler-385 d,56.4159
Kepler-386 b,12.31043
Kepler-386 c,25.193458
Kepler-387 b,6.791636
Kepler-387 c,11.837549
Kepler-388 b,3.173315
Kepler-388 c,13.297004
Kepler-389 b,3.244107
Kepler-389 c,14.51143
Kepler-390 b,6.738088
Kepler-390 c,13.060022
Kepler-391 b,7.416755
Kepler-391 c,20.485435
Kepler-392 b,5.341853
Kepler-392 c,10.423118
Kepler-393 b,9.182417
Kepler-393 c,14.613612
Kepler-394 b,8.005013
Kepler-394 c,12.130686
Kepler-395 b,7.054346
Kepler-395 c,34.989262
Kepler-396 b,42.994
Kepler-396 c,88.505
Kepler-397 b,22.250949
Kepler-397 c,135.498527
Kepler-398 b,4.081423
Kepler-398 c,11.419412
Kepler-398 d,6.83437001
Kepler-399 b,14.425281
Kepler-399 c,26.67569
Kepler-399 d,58.034616
Kepler-400 b,9.024389
Kepler-400 c,17.340824
Kepler-401 b,14.383035
Kepler-401 c,47.318218
Kepler-401 d,184.256405
Kepler-402 b,4.028751
Kepler-402 c,6.124821
Kepler-402 d,8.921099
Kepler-402 e,11.242861
Kepler-403 b,7.031462
Kepler-403 c,54.280749
Kepler-403 d,13.61159129
Kepler-404 b,11.829851
Kepler-404 c,14.751166
Kepler-405 b,10.613839
Kepler-405 c,29.726682
Kepler-406 b,2.42629
Kepler-406 c,4.62332
Kepler-42 b,1.2137672
Kepler-42 c,0.45328509
Kepler-42 d,1.865169
Kepler-436 b,64.00205
Kepler-436 c,16.79713874
Kepler-444 b,3.6001053
Kepler-444 c,4.5458841
Kepler-444 d,6.189392
Kepler-444 e,7.743493
Kepler-444 f,9.740486
Kepler-445 b,2.984151
Kepler-445 c,4.871229
Kepler-445 d,8.15275
Kepler-446 b,1.565409
Kepler-446 c,3.036179
Kepler-446 d,5.148921
Kepler-449 b,12.58242
Kepler-449 c,33.6727
Kepler-450 b,28.454851
Kepler-450 c,15.413135
Kepler-450 d,7.51464
Kepler-462 b,84.6866
Kepler-462 c,207.62
Kepler-466 b,51.07926307
Kepler-466 c,3.70921385
Kepler-487 c,38.6519976
Kepler-49 b,7.2037945
Kepler-49 c,10.9129343
Kepler-49 d,2.576549
Kepler-49 e,18.596108
Kepler-50 b,7.81254
Kepler-50 c,9.37647
Kepler-51 b,45.154
Kepler-51 c,85.312
Kepler-51 d,130.194
Kepler-52 b,7.8773565
Kepler-52 c,16.3850021
Kepler-52 d,36.445171
Kepler-520 b,19.67416124
Kepler-520 c,5.21104261
Kepler-524 b,7.97419807
Kepler-524 c,1.88897906
Kepler-529 b,1.98035766
Kepler-529 c,12.8345022
Kepler-53 b,18.6489525
Kepler-53 c,38.5583038
Kepler-53 d,9.751962
Kepler-54 b,8.0109434
Kepler-54 c,12.0717249
Kepler-54 d,20.995694
Kepler-549 b,42.9495649
Kepler-549 c,117.040498
Kepler-55 b,27.9481449
Kepler-55 c,42.1516418
Kepler-55 d,2.211099
Kepler-55 e,4.617534
Kepler-55 f,10.198545
Kepler-553 b,4.03046804
Kepler-561 b,58.3620495
Kepler-561 c,5.35016198
Kepler-58 b,10.2184954
Kepler-58 c,15.5741568
Kepler-58 d,40.101371
Kepler-595 b,25.3029092
Kepler-595 c,12.38602
Kepler-598 b,3.70175428
Kepler-598 c,86.4945
Kepler-60 b,7.1334
Kepler-60 c,8.9187
Kepler-60 d,11.8981
Kepler-603 b,21.05358596
Kepler-603 c,127.9075774
Kepler-603 d,6.2171292
Kepler-605 b,3.38353807
Kepler-605 c,2.35895152
Kepler-610 b,6.99692655
Kepler-610 c,151.86392
Kepler-616 b,9.99761851
Kepler-616 c,90.4113556
Kepler-619 b,5.4042722
Kepler-619 c,1.20846503
Kepler-62 b,5.714932
Kepler-62 c,12.4417
Kepler-62 d,18.16406
Kepler-62 e,122.3874
Kepler-62 f,267.291
Kepler-625 b,7.75192492
Kepler-625 c,4.1653651
Kepler-647 b,16.2254649
Kepler-647 c,29.6663
Kepler-653 b,14.70748976
Kepler-653 c,0.90037648
Kepler-69 b,13.722341
Kepler-69 c,242.4613
Kepler-712 b,21.02247699
Kepler-712 c,226.89047
Kepler-716 b,10.37168453
Kepler-716 c,3.96999
Kepler-722 b,4.09357325
Kepler-722 c,105.144749
Kepler-730 c,2.85188338
Kepler-732 b,9.46781405
Kepler-732 c,0.89304124
Kepler-750 b,9.42887179
Kepler-750 c,4.08899022
Kepler-755 b,1.26909037
Kepler-755 c,2.85313364
Kepler-758 b,12.1097104
Kepler-758 c,4.75793986
Kepler-758 d,20.4966197
Kepler-758 e,8.1934719
Kepler-760 b,8.70419416
Kepler-760 c,2.46697439
Kepler-769 b,7.42608998
Kepler-769 c,15.9870174
Kepler-770 b,18.92540274
Kepler-770 c,1.47532231
Kepler-770 d,4.15244722
Kepler-783 b,4.29264638
Kepler-783 c,7.05395
Kepler-79 b,13.4845
Kepler-79 c,27.4029
Kepler-79 d,52.0902
Kepler-79 e,81.0659
Kepler-80 b,7.05246
Kepler-80 c,9.52355
Kepler-80 d,3.07222
Kepler-80 e,4.64489
Kepler-80 f,0.9867873
Kepler-80 g,14.64558
Kepler-804 b,14.37457351
Kepler-804 c,9.65185017
Kepler-81 b,5.955
Kepler-81 c,12.04
Kepler-81 d,20.837846
Kepler-825 b,3.77360059
Kepler-825 c,8.1818246
Kepler-83 b,9.77
Kepler-83 c,20.09
Kepler-83 d,5.169796
Kepler-84 b,8.726
Kepler-84 c,12.883
Kepler-84 d,4.224537
Kepler-84 e,27.434389
Kepler-84 f,44.552169
Kepler-85 b,8.306
Kepler-85 c,12.513
Kepler-85 d,17.91323
Kepler-85 e,25.216751
Kepler-87 c,191.2318
Kepler-887 b,20.42228798
Kepler-887 c,7.63846023
Kepler-9 b,19.23891
Kepler-9 c,38.9853
Kepler-9 d,1.592851
Kepler-903 b,10.3507721
Kepler-903 c,62.9228557
Kepler-92 b,13.749
Kepler-92 c,26.723
Kepler-92 d,49.3568
Kepler-920 b,6.53192704
Kepler-920 c,100.8274113
Kepler-937 b,67.668827
Kepler-937 c,153.343364
Kepler-953 b,88.40655258
Kepler-953 c,9.10967112
Kepler-967 b,13.22713379
Kepler-967 c,198.7112502
Kepler-968 b,3.69298373
Kepler-968 c,5.70940492
Kepler-969 b,34.1731714
Kepler-969 c,1.6829346
Kepler-990 b,9.91723428
Kepler-990 c,0.53835431
L 98-59 b,2.2531
L 98-59 c,3.6904
L 98-59 d,7.4512
LHS 1140 b,24.73694
LHS 1140 c,3.77792
LP 791-18 b,0.948005
LP 791-18 c,4.989963
LTT 3780 b,0.768448
LTT 3780 c,12.2519
TOI-1130 b,4.066499
TOI-125 b,4.65382
TOI-125 c,9.15059
TOI-125 d,19.98
TOI-1266 b,10.894843
TOI-1266 c,18.80151
TOI-178 b,1.914558
TOI-178 c,3.23845
TOI-178 d,6.5577
TOI-178 e,9.961881
TOI-178 f,15.231915
TOI-178 g,20.7095
TOI-216.02,17.089
TOI-270 b,3.36008
TOI-270 c,5.660172
TOI-270 d,11.38014
TOI-421 b,5.19672
TOI-421 c,16.06819
TOI-451 b,1.858703
TOI-451 c,9.192522
TOI-451 d,16.364988
TOI-561 b,0.446578
TOI-561 c,10.779
TOI-700 b,9.97702
TOI-700 c,16.05111
TOI-700 d,37.42475
TOI-763 b,5.6057
TOI-763 c,12.2737
TOI-776 b,8.24661
TOI-776 c,15.6653
TOI-942 b,4.32419
TOI-942 c,10.15643
TRAPPIST-1 b,1.51087081
TRAPPIST-1 c,2.4218233
TRAPPIST-1 d,4.04961
TRAPPIST-1 e,6.099615
TRAPPIST-1 f,9.20669
TRAPPIST-1 g,12.35294
TRAPPIST-1 h,18.767
V1298 Tau b,24.1396
V1298 Tau c,8.24958
V1298 Tau d,12.4032
V1298 Tau e,60.0
CoRoT-20 b,9.24285
CoRoT-7 b,0.85359163
CoRoT-7 c,3.698
GJ 1132 b,1.628931
GJ 1132 c,8.929
GJ 3473 b,1.1980035
GJ 3473 c,15.509
GJ 357 b,3.93072
GJ 357 c,9.1247
GJ 357 d,55.661
HAT-P-11 b,4.88780244
HD 110113 b,2.541
HD 110113 c,6.744
HD 213885 b,1.008035
HD 213885 c,4.78503
pi Men c,6.2679
HD 5278 b,14.339156
HD 5278 c,40.87
HD 86226 c,3.98442
K2-111 b,5.3518
K2-111 c,15.6785
KOI-142 b,10.91647
Kepler-122 b,5.766193
Kepler-122 c,12.465988
Kepler-122 d,21.587475
Kepler-122 e,37.993273
Kepler-122 f,56.268
Kepler-160 b,4.309397
Kepler-160 c,13.699429
Kepler-19 b,9.28716
Kepler-19 c,28.731
Kepler-19 d,62.95
Kepler-20 b,3.69611525
Kepler-20 c,10.85409089
Kepler-20 d,77.61130017
Kepler-20 e,6.09852281
Kepler-20 f,19.57758478
Kepler-20 g,34.94
Kepler-25 b,6.238297
Kepler-25 c,12.7207
Kepler-25 d,122.4
Kepler-338 b,13.726976
Kepler-338 c,24.310856
Kepler-338 d,44.431014
Kepler-338 e,9.341
Kepler-37 b,13.36731
Kepler-37 c,21.302
Kepler-37 d,39.7922
Kepler-37 e,51.196
Kepler-407 b,0.66931
Kepler-407 c,3000.0
Kepler-411 b,3.005156
Kepler-411 c,7.834435
Kepler-411 d,58.02035
Kepler-411 e,31.509728
Kepler-424 b,3.3118644
Kepler-424 c,223.3
Kepler-454 b,10.57
Kepler-454 c,523.9
Kepler-46 b,33.60134
Kepler-46 d,6.766589
Kepler-48 b,4.778
Kepler-48 c,9.67395
Kepler-48 d,42.8961
Kepler-539 b,125.63243
Kepler-539 c,1000.0
Kepler-56 b,10.5016
Kepler-56 c,21.40239
Kepler-65 b,2.15491
Kepler-65 c,5.859944
Kepler-65 d,8.13123
Kepler-68 b,5.3988
Kepler-68 c,9.6051
Kepler-82 b,26.44
Kepler-82 c,51.54
Kepler-82 d,2.382961
Kepler-82 e,5.902206
Kepler-82 f,75.732
Kepler-94 b,2.50806
Kepler-94 c,820.3
WASP-107 b,5.7214742
WASP-148 b,8.80381
WASP-47 d,9.03077
WASP-47 e,0.789592
